"id","route_id","label","latitude","longitude","speed","bearing","current_status","updated_at","rn"
"y2047","71","2047","42.3704591","-71.15973638",,"257.0","IN_TRANSIT_TO","2025-08-31T11:02:55-04:00","1"
"y1863","17","1863","42.31576191","-71.06630833",,"166.0","IN_TRANSIT_TO","2025-08-31T11:02:57-04:00","1"
"y1669","36","1669","42.29171928","-71.12245125",,"39.0","IN_TRANSIT_TO","2025-08-31T09:02:57-04:00","1"
"y1921","57","1921","42.35028058","-71.16677786",,"181.0","IN_TRANSIT_TO","2025-08-31T11:02:56-04:00","1"
"y1835","57","1835","42.34977661","-71.14809033",,"61.0","STOPPED_AT","2025-08-31T11:02:59-04:00","1"
"y1873","57","1873","42.36386","-71.1854",,"90.0","STOPPED_AT","2025-08-31T11:02:52-04:00","1"
"1703","CR-Newburyport","1703","42.37703323364258","-71.07524108886719","8.9","154.0","IN_TRANSIT_TO","2025-08-31T10:12:38-04:00","1"
"1700","CR-Fitchburg","1700","42.456520080566406","-71.3957290649414","8.0","255.0","IN_TRANSIT_TO","2025-08-31T11:02:43-04:00","1"
"y1324","743","1324","42.348122279","-71.04401152",,"315.0","IN_TRANSIT_TO","2025-08-31T02:32:58-04:00","1"
"y1325","743","1325","42.39541755","-71.03340861",,"119.0","STOPPED_AT","2025-08-31T11:02:56-04:00","1"
"y1329","741","1329","42.351300239","-71.05249296",,"301.0","IN_TRANSIT_TO","2025-08-31T01:57:53-04:00","1"
"y1333","746","1333","42.3536358","-71.05340132",,"314.0","STOPPED_AT","2025-08-31T01:02:34-04:00","1"
"y1615","31","1615","42.26725","-71.09319",,"225.0","IN_TRANSIT_TO","2025-08-31T11:02:53-04:00","1"
"y1601","31","1601","42.3006","-71.11304",,"225.0","STOPPED_AT","2025-08-31T10:52:42-04:00","1"
"y1922","22","1922","42.33903603","-71.05742456",,"112.0","STOPPED_AT","2025-08-31T11:02:59-04:00","1"
"y1902","22","1902","42.28376","-71.0637",,"45.0","STOPPED_AT","2025-08-31T11:02:52-04:00","1"
"y1744","47","1744","42.34037078","-71.06344046",,"180.0","IN_TRANSIT_TO","2025-08-31T10:12:43-04:00","1"
"y1811","1","1811","42.37317","-71.11772",,"270.0","STOPPED_AT","2025-08-31T11:02:52-04:00","1"
"y1775","1","1775","42.34115771","-71.10040778",,"315.0","STOPPED_AT","2025-08-31T11:02:58-04:00","1"
"y2094","97","2094","42.401242609","-71.070837289",,"38.0","IN_TRANSIT_TO","2025-08-31T09:52:55-04:00","1"
"y1893","66","1893","42.33345725","-71.10635687",,"236.0","STOPPED_AT","2025-08-31T11:02:59-04:00","1"
"y1800","55","1800","42.34538","-71.09547",,"180.0","IN_TRANSIT_TO","2025-08-31T11:02:52-04:00","1"
"y1854","11","1854","42.3337523","-71.05016745",,"192.0","STOPPED_AT","2025-08-31T11:02:57-04:00","1"
"y1923","66","1923","42.34013937","-71.05709149",,"38.0","STOPPED_AT","2025-08-31T11:02:57-04:00","1"
"y1915","9","1915","42.33566","-71.03536",,"270.0","STOPPED_AT","2025-08-31T11:02:52-04:00","1"
"y1885","66","1885","42.34863922","-71.12963988",,"147.0","IN_TRANSIT_TO","2025-08-31T11:02:56-04:00","1"
"y1871","66","1871","42.32913","-71.08391",,"180.0","STOPPED_AT","2025-08-31T10:02:50-04:00","1"
"y1851","66","1851","42.35749","-71.12793",,"270.0","STOPPED_AT","2025-08-31T11:02:52-04:00","1"
"ynk219","Shuttle-Generic","219","41.830802","-71.417224",,"19.0","IN_TRANSIT_TO","2025-08-31T10:58:45-04:00","1"
"ynk301","Shuttle-Generic","301","42.607277","-71.573557",,"44.0","IN_TRANSIT_TO","2025-08-31T00:57:20-04:00","1"
"ynk233","Shuttle-Generic","233","42.338864","-71.04409",,"42.0","IN_TRANSIT_TO","2025-08-31T04:49:09-04:00","1"
"ynk232","Shuttle-Generic","232","42.33886","-71.044186",,"35.0","IN_TRANSIT_TO","2025-08-31T04:16:18-04:00","1"
"ynk226","Shuttle-Generic","226","42.337499","-71.036263",,"204.0","IN_TRANSIT_TO","2025-08-31T09:21:21-04:00","1"
"ynk333","Shuttle-Generic","333","42.338368","-71.044134",,"138.0","IN_TRANSIT_TO","2025-08-31T07:04:28-04:00","1"
"ynk315","Shuttle-Generic","315","42.338519","-71.043615",,"41.0","IN_TRANSIT_TO","2025-08-31T07:45:52-04:00","1"
"ynk314","Shuttle-Generic","314","42.338343","-71.044027",,"47.0","IN_TRANSIT_TO","2025-08-31T10:59:43-04:00","1"
"y2045","73","2045","42.382073169","-71.17934935",,"120.0","STOPPED_AT","2025-08-31T11:02:55-04:00","1"
"y1741","10","1741","42.33555214","-71.03961033",,"269.0","STOPPED_AT","2025-08-31T11:02:52-04:00","1"
"G-10001","Green-B","3606","42.34018","-71.16709",,"135.0","STOPPED_AT","2025-08-31T08:26:59-04:00","1"
"G-10062","Green-E","3604-3871","42.34296","-71.08476",,"225.0","STOPPED_AT","2025-08-31T11:02:42-04:00","1"
"G-10005","Green-B","3689-3890","42.34018","-71.16709",,"135.0","STOPPED_AT","2025-08-31T11:02:34-04:00","1"
"G-10025","Green-B","3866","42.34018","-71.16709",,"135.0","STOPPED_AT","2025-08-31T05:42:23-04:00","1"
"G-10034","Green-B","3859-3702","42.341","-71.16742","5.4","75.0","STOPPED_AT","2025-08-31T10:54:58-04:00","1"
"G-10067","Green-B","3820","42.34018","-71.16709",,"135.0","STOPPED_AT","2025-08-31T06:42:36-04:00","1"
"G-10086","Green-B","3641","42.34018","-71.16709",,"135.0","STOPPED_AT","2025-08-31T07:37:21-04:00","1"
"G-10088","Green-B","3836-3606","42.3518","-71.1217","3.3","135.0","INCOMING_AT","2025-08-31T11:02:31-04:00","1"
"y1872","23","1872","42.33661","-71.08872",,"225.0","STOPPED_AT","2025-08-31T11:02:18-04:00","1"
"y1897","23","1897","42.31773","-71.08207",,"0.0","STOPPED_AT","2025-08-31T11:02:52-04:00","1"
"y3131","75","3131","42.37252","-71.1225",,"315.0","STOPPED_AT","2025-08-31T11:02:52-04:00","1"
"y1636","31","1636","42.30111616","-71.1125557",,"11.0","IN_TRANSIT_TO","2025-08-31T01:12:59-04:00","1"
"y1656","41","1656","42.322753","-71.104244",,"81.0","STOPPED_AT","2025-08-31T11:02:53-04:00","1"
"y1657","31","1657","42.2897565","-71.094610829",,"349.0","STOPPED_AT","2025-08-31T11:02:59-04:00","1"
"1866","CR-Providence","1866","42.34638595581055","-71.0581283569336","3.6",,"IN_TRANSIT_TO","2025-08-31T11:02:40-04:00","1"
"y3001","712","3001","42.36085706","-70.970826619",,"12.0","IN_TRANSIT_TO","2025-08-31T11:02:51-04:00","1"
"y1304","742","1304","42.34411569","-71.03309585",,"270.0","IN_TRANSIT_TO","2025-08-31T11:02:56-04:00","1"
"y1818","9","1818","42.34612328","-71.06255267",,"61.0","STOPPED_AT","2025-08-31T11:02:56-04:00","1"
"y1819","15","1819","42.29998","-71.06144",,"270.0","IN_TRANSIT_TO","2025-08-31T10:02:50-04:00","1"
"O-548522D1","Orange","1494","42.31976","-71.10265",,"210.0","INCOMING_AT","2025-08-31T00:22:55-04:00","1"
"O-54852A9E","Orange","1492","42.30595","-71.11056",,"210.0","INCOMING_AT","2025-08-31T11:02:30-04:00","1"
"B-548525E3","Blue","0750","42.40918","-70.99267",,"355.0","IN_TRANSIT_TO","2025-08-31T00:17:52-04:00","1"
"B-548525EA","Blue","0740","42.4135","-70.99162",,"20.0","STOPPED_AT","2025-08-31T01:21:39-04:00","1"
"B-54852A7E","Blue","0740","42.35957","-71.05163",,"260.0","STOPPED_AT","2025-08-31T11:02:24-04:00","1"
"y1988","91","1988","42.38731099","-71.07357853",,"105.0","IN_TRANSIT_TO","2025-08-31T01:47:55-04:00","1"
"y2079","77","2079","42.37265683","-71.12278537",,"269.0","STOPPED_AT","2025-08-31T11:02:54-04:00","1"
"y2041","62","2041","42.42429503","-71.18337794",,"108.0","STOPPED_AT","2025-08-31T11:02:54-04:00","1"
"y3147","83","3147","42.39335189","-71.130894199",,"265.0","IN_TRANSIT_TO","2025-08-31T01:27:55-04:00","1"
"y1284","749","1284","42.35480066","-71.0619796",,"261.0","IN_TRANSIT_TO","2025-08-31T02:12:53-04:00","1"
"y1288","749","1288","42.34828318","-71.06413925",,"169.0","IN_TRANSIT_TO","2025-08-31T11:02:58-04:00","1"
"y1260","28","1260","42.27649702","-71.09355684",,"180.0","IN_TRANSIT_TO","2025-08-31T00:52:58-04:00","1"
"y1216","39","1216","42.34766628","-71.07364377",,"344.0","IN_TRANSIT_TO","2025-08-31T11:02:46-04:00","1"
"y1645","24","1645","42.27131954","-71.0738411",,"80.0","IN_TRANSIT_TO","2025-08-31T11:02:56-04:00","1"
"y1974","94","1974","42.39697288","-71.122066899",,"225.0","STOPPED_AT","2025-08-31T10:52:53-04:00","1"
"y1877","8","1877","42.341276519","-71.10468106",,"30.0","IN_TRANSIT_TO","2025-08-31T11:02:56-04:00","1"
"y1875","15","1875","42.33419595","-71.09001274",,"56.0","IN_TRANSIT_TO","2025-08-31T10:57:57-04:00","1"
"y1729","15","1729","42.32446","-71.07448",,"315.0","IN_TRANSIT_TO","2025-08-31T11:02:52-04:00","1"
"dLF 958","714","LF 958","42.2650874","-70.84556713",,"22.0","IN_TRANSIT_TO","2025-08-31T11:02:55-04:00","1"
"y2016","91","2016","42.38124","-71.08647",,"90.0","STOPPED_AT","2025-08-31T08:47:49-04:00","1"
"y2057","77","2057","42.42358987","-71.176000279",,"283.0","IN_TRANSIT_TO","2025-08-31T01:27:55-04:00","1"
"y2103","77","2103","42.41987297","-71.16890789",,"304.0","STOPPED_AT","2025-08-31T01:12:57-04:00","1"
"y1947","77","1947","42.376738129","-71.119686679",,"91.0","IN_TRANSIT_TO","2025-08-31T10:12:56-04:00","1"
"G-10128","Green-C","3856","42.3459","-71.10742","3.3","45.0","STOPPED_AT","2025-08-31T10:51:13-04:00","1"
"G-10028","Green-C","3841","42.34341","-71.11665","5.9","225.0","STOPPED_AT","2025-08-31T11:02:09-04:00","1"
"G-10072","Green-E","3660-3867","42.3377","-71.25295","3.3","0.0","IN_TRANSIT_TO","2025-08-31T08:24:44-04:00","1"
"G-10069","Green-E","3852-3707","42.36721","-71.06875","7.6","125.0","INCOMING_AT","2025-08-31T11:02:54-04:00","1"
"G-10084","Green-E","3704-3869","42.34252","-71.08518",,"45.0","STOPPED_AT","2025-08-31T11:02:10-04:00","1"
"G-10121","Green-E","3802-3671","42.35305","-71.06457",,"200.0","INCOMING_AT","2025-08-31T11:02:13-04:00","1"
"1860","CR-NewBedford","1860","42.35002899169922","-71.05582427978516","3.6",,"IN_TRANSIT_TO","2025-08-31T10:57:33-04:00","1"
"1848","CR-Providence","1848","42.346466064453125","-71.06287384033203","9.8","104.0","IN_TRANSIT_TO","2025-08-31T00:32:29-04:00","1"
"1802","CR-Newburyport","1802","42.473751068115234","-70.92255401611328","2.2",,"STOPPED_AT","2025-08-31T11:02:46-04:00","1"
"R-548525ED","Red","1826","42.29076","-71.0653",,"160.0","INCOMING_AT","2025-08-31T01:32:32-04:00","1"
"R-54851DA4","Red","1616","42.37432","-71.1186",,"350.0","STOPPED_AT","2025-08-31T11:02:28-04:00","1"
"R-54852766","Red","1722","42.28456","-71.06382",,"150.0","STOPPED_AT","2025-08-31T01:14:39-04:00","1"
"R-548525EF","Red","1906","42.30002","-71.06183",,"260.0","STOPPED_AT","2025-08-31T00:07:03-04:00","1"
"R-548528EA","Red","1750","42.36246","-71.08581",,"275.0","STOPPED_AT","2025-08-31T10:58:45-04:00","1"
"R-54852830","Red","1833","42.20749","-71.00173",,"10.0","STOPPED_AT","2025-08-31T10:54:59-04:00","1"
"G-10226","Green-D","3673-3821","42.3377","-71.25295","3.3","180.0","IN_TRANSIT_TO","2025-08-31T00:00:15-04:00","1"
"G-10089","Green-D","3805","42.33692","-71.2515",,"135.0","STOPPED_AT","2025-08-31T07:52:36-04:00","1"
"G-10306","Green-D","3651","42.34763","-71.10143",,"60.0","IN_TRANSIT_TO","2025-08-31T00:41:49-04:00","1"
"G-10309","Green-D","3620","42.33544","-71.24841","14.6","315.0","INCOMING_AT","2025-08-31T02:07:54-04:00","1"
"G-10015","Green-D","3709-3837","42.37705","-71.09396",,"300.0","STOPPED_AT","2025-08-31T11:01:59-04:00","1"
